chr1,12190,C,A,0.0878524532997843,c
chr1,12191,A,A,0.10677613930990437,c
chr1,12191,A,C,0.10677613930990437,c
chr1,12191,A,T,0.0878524532997843,c
chr1,12191,A,G,0.10677613930990437,c
chr1,12191,C,A,0.10677613930990437,c
chr1,12191,C,C,0.10677613930990437,c
chr1,12191,C,T,0.0878524532997843,c
chr1,12191,C,G,0.10677613930990437,c
chr1,12191,T,A,0.23030976815074622,c
chr1,12191,T,C,0.23030976815074622,c
chr1,12191,T,T,0.19425380976428863,c
chr1,12191,T,G,0.23030976815074622,c
chr1,12191,G,A,0.10677613930990437,c
chr1,12191,G,C,0.10677613930990437,c
chr1,12191,G,T,0.0878524532997843,c
chr1,12191,G,G,0.10677613930990437,c
chr1,12192,A,T,0.10677613930990437,c
